-- phpMyAdmin SQL Dump
-- version 5.0.2
-- https://www.phpmyadmin.net/
--
-- Host: 127.0.0.1:3306
-- Generation Time: Jun 25, 2025 at 02:07 PM
-- Server version: 5.7.31
-- PHP Version: 7.3.21

SET SQL_MODE = "NO_AUTO_VALUE_ON_ZERO";
START TRANSACTION;
SET time_zone = "+00:00";


/*!40101 SET @OLD_CHARACTER_SET_CLIENT=@@CHARACTER_SET_CLIENT */;
/*!40101 SET @OLD_CHARACTER_SET_RESULTS=@@CHARACTER_SET_RESULTS */;
/*!40101 SET @OLD_COLLATION_CONNECTION=@@COLLATION_CONNECTION */;
/*!40101 SET NAMES utf8mb4 */;

--
-- Database: `larabloga`
--

-- --------------------------------------------------------

--
-- Table structure for table `articles`
--

DROP TABLE IF EXISTS `articles`;
CREATE TABLE IF NOT EXISTS `articles` (
  `id` bigint(20) UNSIGNED NOT NULL AUTO_INCREMENT,
  `user_id` bigint(20) UNSIGNED NOT NULL,
  `category_id` bigint(20) UNSIGNED NOT NULL,
  `title` varchar(191) COLLATE utf8mb4_unicode_ci NOT NULL,
  `slug` varchar(191) COLLATE utf8mb4_unicode_ci NOT NULL,
  `short_description` varchar(191) COLLATE utf8mb4_unicode_ci NOT NULL,
  `content` longtext COLLATE utf8mb4_unicode_ci NOT NULL,
  `featured` tinyint(1) NOT NULL DEFAULT '0',
  `image` varchar(191) COLLATE utf8mb4_unicode_ci DEFAULT NULL,
  `views` bigint(20) UNSIGNED NOT NULL DEFAULT '0',
  `created_at` timestamp NULL DEFAULT NULL,
  `updated_at` timestamp NULL DEFAULT NULL,
  PRIMARY KEY (`id`),
  KEY `articles_user_id_foreign` (`user_id`),
  KEY `articles_category_id_foreign` (`category_id`)
) ENGINE=MyISAM DEFAULT CHARSET=utf8mb4 COLLATE=utf8mb4_unicode_ci;

-- --------------------------------------------------------

--
-- Table structure for table `article_categories`
--

DROP TABLE IF EXISTS `article_categories`;
CREATE TABLE IF NOT EXISTS `article_categories` (
  `id` bigint(20) UNSIGNED NOT NULL AUTO_INCREMENT,
  `user_id` bigint(20) UNSIGNED NOT NULL,
  `name` varchar(191) COLLATE utf8mb4_unicode_ci NOT NULL,
  `created_at` timestamp NULL DEFAULT NULL,
  `updated_at` timestamp NULL DEFAULT NULL,
  PRIMARY KEY (`id`),
  KEY `article_categories_user_id_foreign` (`user_id`)
) ENGINE=MyISAM AUTO_INCREMENT=3 DEFAULT CHARSET=utf8mb4 COLLATE=utf8mb4_unicode_ci;

--
-- Dumping data for table `article_categories`
--

INSERT INTO `article_categories` (`id`, `user_id`, `name`, `created_at`, `updated_at`) VALUES
(1, 1, 'Uncategorised', '2025-06-25 11:04:51', '2025-06-25 11:04:51'),
(2, 2, 'Sports', '2025-06-25 11:04:51', '2025-06-25 11:04:51');

-- --------------------------------------------------------

--
-- Table structure for table `article_tag`
--

DROP TABLE IF EXISTS `article_tag`;
CREATE TABLE IF NOT EXISTS `article_tag` (
  `article_id` int(10) UNSIGNED NOT NULL,
  `tag_id` int(10) UNSIGNED NOT NULL,
  PRIMARY KEY (`article_id`,`tag_id`),
  KEY `article_tag_tag_id_foreign` (`tag_id`)
) ENGINE=MyISAM DEFAULT CHARSET=utf8mb4 COLLATE=utf8mb4_unicode_ci;

-- --------------------------------------------------------

--
-- Table structure for table `comments`
--

DROP TABLE IF EXISTS `comments`;
CREATE TABLE IF NOT EXISTS `comments` (
  `id` bigint(20) UNSIGNED NOT NULL AUTO_INCREMENT,
  `user_id` bigint(20) UNSIGNED NOT NULL,
  `article_id` bigint(20) UNSIGNED NOT NULL,
  `parent_id` int(10) UNSIGNED DEFAULT NULL,
  `body` text COLLATE utf8mb4_unicode_ci NOT NULL,
  `approved` tinyint(1) NOT NULL DEFAULT '0',
  `created_at` timestamp NULL DEFAULT NULL,
  `updated_at` timestamp NULL DEFAULT NULL,
  PRIMARY KEY (`id`),
  KEY `comments_user_id_foreign` (`user_id`),
  KEY `comments_article_id_foreign` (`article_id`)
) ENGINE=MyISAM DEFAULT CHARSET=utf8mb4 COLLATE=utf8mb4_unicode_ci;

-- --------------------------------------------------------

--
-- Table structure for table `failed_jobs`
--

DROP TABLE IF EXISTS `failed_jobs`;
CREATE TABLE IF NOT EXISTS `failed_jobs` (
  `id` bigint(20) UNSIGNED NOT NULL AUTO_INCREMENT,
  `uuid` varchar(191) COLLATE utf8mb4_unicode_ci NOT NULL,
  `connection` text COLLATE utf8mb4_unicode_ci NOT NULL,
  `queue` text COLLATE utf8mb4_unicode_ci NOT NULL,
  `payload` longtext COLLATE utf8mb4_unicode_ci NOT NULL,
  `exception` longtext COLLATE utf8mb4_unicode_ci NOT NULL,
  `failed_at` timestamp NOT NULL DEFAULT CURRENT_TIMESTAMP,
  PRIMARY KEY (`id`),
  UNIQUE KEY `failed_jobs_uuid_unique` (`uuid`)
) ENGINE=MyISAM DEFAULT CHARSET=utf8mb4 COLLATE=utf8mb4_unicode_ci;

-- --------------------------------------------------------

--
-- Table structure for table `migrations`
--

DROP TABLE IF EXISTS `migrations`;
CREATE TABLE IF NOT EXISTS `migrations` (
  `id` int(10) UNSIGNED NOT NULL AUTO_INCREMENT,
  `migration` varchar(191) COLLATE utf8mb4_unicode_ci NOT NULL,
  `batch` int(11) NOT NULL,
  PRIMARY KEY (`id`)
) ENGINE=MyISAM AUTO_INCREMENT=15 DEFAULT CHARSET=utf8mb4 COLLATE=utf8mb4_unicode_ci;

--
-- Dumping data for table `migrations`
--

INSERT INTO `migrations` (`id`, `migration`, `batch`) VALUES
(1, '2014_10_12_000000_create_users_table', 1),
(2, '2014_10_12_100000_create_password_resets_table', 1),
(3, '2019_08_19_000000_create_failed_jobs_table', 1),
(4, '2019_12_14_000001_create_personal_access_tokens_table', 1),
(5, '2022_03_25_183313_create_article_categories_table', 1),
(6, '2022_03_25_183315_create_articles_table', 1),
(7, '2022_03_28_101019_create_comments_table', 1),
(8, '2022_04_02_165232_create_pages_table', 1),
(9, '2022_04_04_111156_create_settings_table', 1),
(10, '2022_12_31_174605_create_roles_table', 1),
(11, '2023_01_01_120457_create_permissions_table', 1),
(12, '2023_01_01_150407_create_roles_permissions_table', 1),
(13, '2025_02_02_141817_create_tags_table', 1),
(14, '2025_02_02_152221_create_article_tag_table', 1);

-- --------------------------------------------------------

--
-- Table structure for table `pages`
--

DROP TABLE IF EXISTS `pages`;
CREATE TABLE IF NOT EXISTS `pages` (
  `id` bigint(20) UNSIGNED NOT NULL AUTO_INCREMENT,
  `title` varchar(191) COLLATE utf8mb4_unicode_ci NOT NULL,
  `content` longtext COLLATE utf8mb4_unicode_ci NOT NULL,
  `created_at` timestamp NULL DEFAULT NULL,
  `updated_at` timestamp NULL DEFAULT NULL,
  PRIMARY KEY (`id`)
) ENGINE=MyISAM DEFAULT CHARSET=utf8mb4 COLLATE=utf8mb4_unicode_ci;

-- --------------------------------------------------------

--
-- Table structure for table `password_resets`
--

DROP TABLE IF EXISTS `password_resets`;
CREATE TABLE IF NOT EXISTS `password_resets` (
  `email` varchar(191) COLLATE utf8mb4_unicode_ci NOT NULL,
  `token` varchar(191) COLLATE utf8mb4_unicode_ci NOT NULL,
  `created_at` timestamp NULL DEFAULT NULL,
  KEY `password_resets_email_index` (`email`)
) ENGINE=MyISAM DEFAULT CHARSET=utf8mb4 COLLATE=utf8mb4_unicode_ci;

-- --------------------------------------------------------

--
-- Table structure for table `permissions`
--

DROP TABLE IF EXISTS `permissions`;
CREATE TABLE IF NOT EXISTS `permissions` (
  `id` bigint(20) UNSIGNED NOT NULL AUTO_INCREMENT,
  `slug` varchar(191) COLLATE utf8mb4_unicode_ci NOT NULL,
  `label` varchar(191) COLLATE utf8mb4_unicode_ci NOT NULL,
  `description` varchar(191) COLLATE utf8mb4_unicode_ci NOT NULL,
  `created_at` timestamp NULL DEFAULT NULL,
  `updated_at` timestamp NULL DEFAULT NULL,
  PRIMARY KEY (`id`)
) ENGINE=MyISAM AUTO_INCREMENT=26 DEFAULT CHARSET=utf8mb4 COLLATE=utf8mb4_unicode_ci;

--
-- Dumping data for table `permissions`
--

INSERT INTO `permissions` (`id`, `slug`, `label`, `description`, `created_at`, `updated_at`) VALUES
(1, 'view-articles', 'View articles', 'Gives a user the permission to view articles.', '2025-06-25 11:04:51', '2025-06-25 11:04:51'),
(2, 'add-articles', 'Write articles', 'Gives a user the permission to write articles.', '2025-06-25 11:04:51', '2025-06-25 11:04:51'),
(3, 'edit-articles', 'Edit articles', 'Gives a user the permission to edit her/his own articles.', '2025-06-25 11:04:51', '2025-06-25 11:04:51'),
(4, 'delete-articles', 'Delete articles', 'Gives a user the permission to delete her/his own articles.', '2025-06-25 11:04:51', '2025-06-25 11:04:51'),
(5, 'view-categories', 'View categories', 'Gives a user the permission to view the list of categories.', '2025-06-25 11:04:51', '2025-06-25 11:04:51'),
(6, 'add-categories', 'Add categories', 'Gives a user the permission to create article categories.', '2025-06-25 11:04:51', '2025-06-25 11:04:51'),
(7, 'edit-categories', 'Edit categories', 'Gives a user the permission to edit article categories.', '2025-06-25 11:04:51', '2025-06-25 11:04:51'),
(8, 'delete-categories', 'Delete categories', 'Gives a user the permission to delete article categories.', '2025-06-25 11:04:51', '2025-06-25 11:04:51'),
(9, 'view-tags', 'View tags', 'Gives a user the permission to view the list of tags.', '2025-06-25 11:04:51', '2025-06-25 11:04:51'),
(10, 'add-tags', 'Add tags', 'Gives a user the permission to create article tags.', '2025-06-25 11:04:51', '2025-06-25 11:04:51'),
(11, 'edit-tags', 'Edit tags', 'Gives a user the permission to edit article tags.', '2025-06-25 11:04:51', '2025-06-25 11:04:51'),
(12, 'delete-tags', 'Delete tags', 'Gives a user the permission to delete article tags.', '2025-06-25 11:04:51', '2025-06-25 11:04:51'),
(13, 'view-comments', 'View comments on the dashboard', 'Gives a user the permission to view article comments on the dashboard', '2025-06-25 11:04:51', '2025-06-25 11:04:51'),
(14, 'delete-comments', 'Delete comments', 'Gives a user the permission to delete article comments', '2025-06-25 11:04:51', '2025-06-25 11:04:51'),
(15, 'approve-comments', 'Approve comments', 'Gives a user the permission to approve article comments', '2025-06-25 11:04:51', '2025-06-25 11:04:51'),
(16, 'unapprove-comments', 'Unapprove comments', 'Gives a user the permission to unapprove article comments', '2025-06-25 11:04:51', '2025-06-25 11:04:51'),
(17, 'view-pages', 'View pages', 'Gives a user the permission to view the pages list (on the dashboard)', '2025-06-25 11:04:51', '2025-06-25 11:04:51'),
(18, 'add-pages', 'Add pages', 'Gives a user the permission to add pages', '2025-06-25 11:04:51', '2025-06-25 11:04:51'),
(19, 'edit-pages', 'Edit pages', 'Gives a user the permission to edit pages', '2025-06-25 11:04:51', '2025-06-25 11:04:51'),
(20, 'delete-pages', 'Delete pages', 'Gives a user the permission to delete pages', '2025-06-25 11:04:51', '2025-06-25 11:04:51'),
(21, 'edit-settings', 'Edit site settings', 'Gives the super-admin the permission to edit site settings.', '2025-06-25 11:04:51', '2025-06-25 11:04:51'),
(22, 'manage-user-rights', 'Manage user rights', 'Gives the super-admin the permission to manage user rights', '2025-06-25 11:04:51', '2025-06-25 11:04:51'),
(23, 'ban-users', 'Ban users', 'Gives the super-admin the permission to suspend user accounts', '2025-06-25 11:04:51', '2025-06-25 11:04:51'),
(24, 'activate-users', 'Activate user accounts', 'Gives the super-admin the permission to activate user accounts', '2025-06-25 11:04:51', '2025-06-25 11:04:51'),
(25, 'assign-user-roles', 'Assign user roles', 'Gives the super-admin the permission to assign roles to users', '2025-06-25 11:04:51', '2025-06-25 11:04:51');

-- --------------------------------------------------------

--
-- Table structure for table `personal_access_tokens`
--

DROP TABLE IF EXISTS `personal_access_tokens`;
CREATE TABLE IF NOT EXISTS `personal_access_tokens` (
  `id` bigint(20) UNSIGNED NOT NULL AUTO_INCREMENT,
  `tokenable_type` varchar(191) COLLATE utf8mb4_unicode_ci NOT NULL,
  `tokenable_id` bigint(20) UNSIGNED NOT NULL,
  `name` varchar(191) COLLATE utf8mb4_unicode_ci NOT NULL,
  `token` varchar(64) COLLATE utf8mb4_unicode_ci NOT NULL,
  `abilities` text COLLATE utf8mb4_unicode_ci,
  `last_used_at` timestamp NULL DEFAULT NULL,
  `created_at` timestamp NULL DEFAULT NULL,
  `updated_at` timestamp NULL DEFAULT NULL,
  PRIMARY KEY (`id`),
  UNIQUE KEY `personal_access_tokens_token_unique` (`token`),
  KEY `personal_access_tokens_tokenable_type_tokenable_id_index` (`tokenable_type`,`tokenable_id`)
) ENGINE=MyISAM DEFAULT CHARSET=utf8mb4 COLLATE=utf8mb4_unicode_ci;

-- --------------------------------------------------------

--
-- Table structure for table `roles`
--

DROP TABLE IF EXISTS `roles`;
CREATE TABLE IF NOT EXISTS `roles` (
  `id` int(10) UNSIGNED NOT NULL AUTO_INCREMENT,
  `name` varchar(191) COLLATE utf8mb4_unicode_ci NOT NULL,
  `label` varchar(191) COLLATE utf8mb4_unicode_ci NOT NULL,
  `description` text COLLATE utf8mb4_unicode_ci,
  `created_at` timestamp NULL DEFAULT NULL,
  `updated_at` timestamp NULL DEFAULT NULL,
  PRIMARY KEY (`id`)
) ENGINE=MyISAM AUTO_INCREMENT=5 DEFAULT CHARSET=utf8mb4 COLLATE=utf8mb4_unicode_ci;

--
-- Dumping data for table `roles`
--

INSERT INTO `roles` (`id`, `name`, `label`, `description`, `created_at`, `updated_at`) VALUES
(1, 'user', 'Basic User', 'The Basic User can view and comment on articles.', '2025-06-25 11:04:51', '2025-06-25 11:04:51'),
(2, 'author', 'Author', 'In addition to being able to do all a Basic User can do, an Author can create articles, and also edit or delete his/her own articles.', '2025-06-25 11:04:51', '2025-06-25 11:04:51'),
(3, 'admin', 'Site Administrator', 'The Admin can view and comment on articles; create and edit article categories; create and edit and delete any articles; create and edit and delete users.', '2025-06-25 11:04:51', '2025-06-25 11:04:51'),
(4, 'super-admin', 'Super-admin', 'The Super-admin can do everything that the Admin can do. Additionally, the Site owner can give/revoke user roles and ban users. The website has only one Super-admin.', '2025-06-25 11:04:51', '2025-06-25 11:04:51');

-- --------------------------------------------------------

--
-- Table structure for table `roles_permissions`
--

DROP TABLE IF EXISTS `roles_permissions`;
CREATE TABLE IF NOT EXISTS `roles_permissions` (
  `role_id` int(10) UNSIGNED NOT NULL,
  `permission_id` int(10) UNSIGNED NOT NULL,
  PRIMARY KEY (`role_id`,`permission_id`),
  KEY `roles_permissions_permission_id_foreign` (`permission_id`)
) ENGINE=MyISAM DEFAULT CHARSET=utf8mb4 COLLATE=utf8mb4_unicode_ci;

--
-- Dumping data for table `roles_permissions`
--

INSERT INTO `roles_permissions` (`role_id`, `permission_id`) VALUES
(2, 1),
(2, 2),
(2, 3),
(2, 4),
(3, 1),
(3, 2),
(3, 3),
(3, 4),
(3, 5),
(3, 6),
(3, 7),
(3, 8),
(3, 9),
(3, 10),
(3, 11),
(3, 12),
(3, 13),
(3, 14),
(3, 15),
(3, 16),
(3, 17),
(3, 18),
(3, 19),
(3, 20),
(3, 21),
(4, 1),
(4, 2),
(4, 3),
(4, 4),
(4, 5),
(4, 6),
(4, 7),
(4, 8),
(4, 9),
(4, 10),
(4, 11),
(4, 12),
(4, 13),
(4, 14),
(4, 15),
(4, 16),
(4, 17),
(4, 18),
(4, 19),
(4, 20),
(4, 21),
(4, 22),
(4, 23),
(4, 24),
(4, 25);

-- --------------------------------------------------------

--
-- Table structure for table `settings`
--

DROP TABLE IF EXISTS `settings`;
CREATE TABLE IF NOT EXISTS `settings` (
  `id` int(10) UNSIGNED NOT NULL AUTO_INCREMENT,
  `site_name` varchar(191) COLLATE utf8mb4_unicode_ci NOT NULL,
  `tagline` varchar(191) COLLATE utf8mb4_unicode_ci NOT NULL,
  `owner_name` varchar(191) COLLATE utf8mb4_unicode_ci NOT NULL,
  `owner_email` varchar(191) COLLATE utf8mb4_unicode_ci NOT NULL,
  `twitter` varchar(191) COLLATE utf8mb4_unicode_ci NOT NULL,
  `facebook` varchar(191) COLLATE utf8mb4_unicode_ci NOT NULL,
  `instagram` varchar(191) COLLATE utf8mb4_unicode_ci NOT NULL,
  `theme_directory` varchar(191) COLLATE utf8mb4_unicode_ci NOT NULL,
  `is_cookieconsent` tinyint(1) NOT NULL DEFAULT '1',
  `is_infinitescroll` tinyint(1) NOT NULL DEFAULT '0',
  `created_at` timestamp NULL DEFAULT NULL,
  `updated_at` timestamp NULL DEFAULT NULL,
  PRIMARY KEY (`id`)
) ENGINE=MyISAM AUTO_INCREMENT=2 DEFAULT CHARSET=utf8mb4 COLLATE=utf8mb4_unicode_ci;

--
-- Dumping data for table `settings`
--

INSERT INTO `settings` (`id`, `site_name`, `tagline`, `owner_name`, `owner_email`, `twitter`, `facebook`, `instagram`, `theme_directory`, `is_cookieconsent`, `is_infinitescroll`, `created_at`, `updated_at`) VALUES
(1, 'My Blog', 'A simple blog application made with Laravel', 'My Company', 'company@domain.com', 'https://twitter.com', 'https://facebook.com', 'https://instagram.com', 'calvin', 1, 0, '2025-06-25 11:04:51', '2025-06-25 11:04:51');

-- --------------------------------------------------------

--
-- Table structure for table `tags`
--

DROP TABLE IF EXISTS `tags`;
CREATE TABLE IF NOT EXISTS `tags` (
  `id` bigint(20) UNSIGNED NOT NULL AUTO_INCREMENT,
  `name` varchar(191) COLLATE utf8mb4_unicode_ci NOT NULL,
  `created_at` timestamp NULL DEFAULT NULL,
  `updated_at` timestamp NULL DEFAULT NULL,
  PRIMARY KEY (`id`)
) ENGINE=MyISAM AUTO_INCREMENT=4 DEFAULT CHARSET=utf8mb4 COLLATE=utf8mb4_unicode_ci;

--
-- Dumping data for table `tags`
--

INSERT INTO `tags` (`id`, `name`, `created_at`, `updated_at`) VALUES
(1, 'books', '2025-06-25 11:04:51', '2025-06-25 11:04:51'),
(2, 'movies', '2025-06-25 11:04:51', '2025-06-25 11:04:51'),
(3, 'news', '2025-06-25 11:04:51', '2025-06-25 11:04:51');

-- --------------------------------------------------------

--
-- Table structure for table `users`
--

DROP TABLE IF EXISTS `users`;
CREATE TABLE IF NOT EXISTS `users` (
  `id` bigint(20) UNSIGNED NOT NULL AUTO_INCREMENT,
  `role_id` bigint(20) UNSIGNED NOT NULL,
  `first_name` varchar(191) COLLATE utf8mb4_unicode_ci NOT NULL,
  `last_name` varchar(191) COLLATE utf8mb4_unicode_ci NOT NULL,
  `email` varchar(191) COLLATE utf8mb4_unicode_ci NOT NULL,
  `email_verified_at` timestamp NULL DEFAULT NULL,
  `bio` longtext COLLATE utf8mb4_unicode_ci,
  `avatar` varchar(191) COLLATE utf8mb4_unicode_ci NOT NULL DEFAULT 'default.png',
  `password` varchar(191) COLLATE utf8mb4_unicode_ci NOT NULL,
  `active` tinyint(4) NOT NULL DEFAULT '1',
  `remember_token` varchar(100) COLLATE utf8mb4_unicode_ci DEFAULT NULL,
  `created_at` timestamp NULL DEFAULT NULL,
  `updated_at` timestamp NULL DEFAULT NULL,
  PRIMARY KEY (`id`),
  UNIQUE KEY `users_email_unique` (`email`),
  KEY `users_role_id_foreign` (`role_id`)
) ENGINE=MyISAM DEFAULT CHARSET=utf8mb4 COLLATE=utf8mb4_unicode_ci;
COMMIT;

/*!40101 SET CHARACTER_SET_CLIENT=@OLD_CHARACTER_SET_CLIENT */;
/*!40101 SET CHARACTER_SET_RESULTS=@OLD_CHARACTER_SET_RESULTS */;
/*!40101 SET COLLATION_CONNECTION=@OLD_COLLATION_CONNECTION */;
